tmax,tmin,rad
41.6,22.4,23.64
41.0,24.2,24.27
41.4,24.5,23.88
39.8,26.0,21.5
38.9,23.8,23.98
39.3,25.2,24.12
38.9,24.0,23.4
39.5,23.1,24.19
40.6,24.0,24.61
41.3,24.1,24.07
41.8,25.2,23.91
40.8,27.2,23.9
36.7,26.3,15.53
38.3,22.6,23.8
39.2,23.8,24.61
39.7,24.3,24.56
40.5,25.1,23.94
40.6,25.1,23.96
41.2,23.9,24.77
43.0,26.1,24.42
43.5,27.1,24.34
43.3,28.3,24.32
41.4,26.4,22.17
40.9,26.1,22.53
39.4,26.8,21.86
39.2,26.1,21.24
38.2,23.5,23.36
39.3,25.7,22.8
39.9,26.1,23.01
41.2,25.5,23.72
40.2,27.4,22.1
39.7,28.2,21.72
41.2,27.8,22.22
42.7,28.7,22.22
43.7,27.8,23.21
44.3,27.6,23.85
45.4,29.6,23.02
42.0,31.5,17.43
39.1,28.0,20.26
42.3,27.6,22.01
43.5,27.1,23.4
45.2,28.2,23.1
40.6,29.4,19.58
40.0,25.8,22.67
31.5,22.0,16.99
33.1,21.5,22.04
33.3,23.1,22.46
35.5,23.8,23.4
38.2,25.7,21.65
39.7,27.0,21.6
40.6,26.3,22.5
40.7,27.6,21.67
39.7,25.6,22.08
40.5,25.4,22.28
41.5,28.4,21.56
42.5,27.2,24.32
43.4,26.9,23.68
42.9,28.8,21.45
42.4,28.4,24.52
43.3,29.6,23.13
42.6,31.8,23.59
42.9,30.7,20.64
42.1,30.5,22.2
43.3,31.2,23.1
42.7,30.0,21.72
43.1,31.7,21.32
38.5,31.0,16.85
41.9,29.4,22.39
39.0,30.6,19.79
36.5,23.8,20.16
34.5,24.9,19.7
32.0,23.7,13.78
32.6,22.7,18.04
32.1,24.3,19.96
34.5,24.1,21.42
36.7,26.3,23.69
37.4,24.3,24.67
38.3,24.9,24.23
39.2,28.6,22.62
38.7,30.3,21.88
41.0,28.1,21.47
41.9,29.3,20.17
31.3,26.4,10.62
32.0,24.8,14.8
35.0,26.1,21.57
34.4,25.4,17.09
35.2,25.9,21.67
36.4,27.0,19.93
35.8,28.6,15.32
35.5,27.4,20.91
36.9,29.0,22.48
34.1,28.6,15.73
33.2,27.2,16.3
35.0,26.9,21.2
35.0,28.3,17.45
35.4,27.8,20.38
34.7,28.1,17.28
36.4,28.9,19.79
33.6,27.9,15.02
34.2,25.7,18.66
35.5,25.9,22.04
35.3,27.4,20.4
33.4,26.6,16.44
30.7,24.6,16.89
31.3,25.1,16.2
30.9,25.0,11.9
33.3,25.7,20.08
32.5,25.8,20.22
31.5,25.3,17.5
32.1,25.3,17.09
31.7,25.0,15.62
30.2,24.7,14.62
31.3,25.4,13.98
32.9,25.5,20.84
31.5,25.2,17.56
33.4,25.8,22.0
32.9,26.5,18.33
31.5,26.4,14.03
31.0,24.6,14.0
32.4,25.6,20.57
30.7,25.2,13.49
33.3,24.8,21.52
33.5,27.4,20.44
34.5,27.6,21.96
28.7,26.6,9.17
33.7,25.2,22.0
33.2,26.3,21.07
32.7,26.2,14.81
31.0,25.6,16.23
30.3,25.4,10.41
32.0,25.2,21.1
33.4,25.5,21.38
34.0,26.6,21.48
30.6,24.6,11.62
33.5,25.6,20.16
32.9,25.8,14.73
33.1,25.9,20.73
32.3,25.8,18.77
33.6,25.1,21.14
34.8,26.5,19.45
35.0,27.6,20.61
35.5,27.5,21.15
34.8,27.2,20.73
36.8,26.3,20.98
36.8,27.7,18.73
36.8,27.8,19.73
36.7,27.4,20.31
37.7,27.5,20.95
36.9,27.7,22.2
36.2,27.0,21.99
37.4,27.1,21.0
37.3,27.2,21.28
36.6,26.6,21.17
35.0,27.7,19.88
34.3,24.8,19.53
33.6,24.5,20.16
35.1,26.9,17.41
34.3,25.2,19.54
30.5,25.2,12.27
30.1,24.2,13.45
30.9,23.4,15.43
33.5,23.6,19.38
33.2,23.3,19.74
33.5,24.7,19.14
32.0,23.9,17.19
31.5,24.5,14.99
26.8,23.6,7.06
28.1,23.5,6.42
27.0,23.4,5.86
30.8,23.6,18.84
31.0,22.6,18.23
31.4,22.6,19.36
32.1,22.9,19.33
31.7,22.8,19.17
31.9,23.0,18.99
32.6,23.2,18.81
33.1,22.8,18.84
33.2,23.1,19.29
32.7,23.1,18.45
31.7,22.9,16.56
30.7,23.1,16.06
26.2,23.0,5.32
23.6,21.5,3.08
25.9,21.0,6.59
27.7,21.3,12.33
26.6,20.9,10.78
28.3,20.0,16.13
29.0,19.0,17.58
29.4,19.0,18.01
29.6,18.7,17.97
29.9,18.2,17.54
30.3,18.3,17.41
30.4,18.3,17.45
30.1,18.7,17.2
30.3,18.6,16.79
29.9,17.2,16.91
29.0,18.1,16.8
28.5,16.0,16.91
29.4,16.6,16.81
29.2,16.2,16.86
29.8,16.9,16.36
30.0,16.9,16.18
29.9,17.0,15.83
29.3,17.3,15.93
29.5,16.7,15.69
29.2,16.2,15.47
30.1,17.3,15.17
29.2,17.7,15.36
30.4,18.0,14.94
30.6,20.7,14.67
29.9,19.5,14.42
29.3,19.0,12.32
30.4,18.3,13.75
28.6,17.7,12.28
27.0,16.4,13.58
25.8,17.2,12.78
26.2,15.5,14.16
26.2,15.4,14.17
26.5,14.8,13.8
27.5,15.1,13.49
26.5,15.3,12.8
25.1,15.8,13.56
24.3,13.4,13.69
24.2,12.2,13.85
24.1,11.6,13.45
25.0,11.6,13.31
25.4,12.4,13.46
25.0,12.6,13.41
24.9,11.7,13.65
24.9,12.1,13.47
24.7,11.1,13.17
24.8,11.6,13.23
24.6,11.1,13.18
24.3,10.0,13.0
24.0,10.3,12.82
23.8,11.5,12.63
23.5,11.1,12.74
23.4,11.0,12.45
23.7,11.0,12.39
23.5,11.3,12.56
22.3,10.4,12.52
22.6,11.0,12.57
23.0,11.3,12.54
22.8,10.9,12.29
23.5,10.7,12.21
25.0,10.5,12.18
25.2,11.5,12.32
24.6,11.5,12.41
24.4,11.3,12.43
22.1,11.2,12.58
21.6,9.0,12.44
21.2,8.6,12.46
21.7,8.3,12.34
21.5,8.3,12.28
21.4,8.9,12.16
20.8,8.6,11.88
20.5,7.6,12.31
20.3,8.5,12.2
18.9,7.7,11.29
18.9,8.5,12.23
17.1,6.5,12.28
18.4,6.3,12.27
18.8,7.1,11.81
19.6,7.8,12.39
20.2,9.4,9.27
20.7,11.1,11.14
19.0,9.6,12.38
18.3,7.9,12.34
18.2,6.3,12.59
16.6,6.0,11.33
16.5,5.4,12.3
15.4,5.4,10.76
14.1,4.8,11.2
15.3,3.8,11.48
17.1,5.7,11.4
17.4,5.7,9.73
18.4,7.5,10.77
19.7,7.6,11.41
20.1,9.8,11.93
18.6,10.6,9.67
17.0,8.0,13.28
15.3,5.5,14.09
15.5,3.7,14.0
16.4,3.6,14.17
16.6,3.2,14.04
18.4,6.4,13.15
19.7,9.7,13.13
20.5,7.0,13.93
21.7,8.1,13.3
22.8,8.4,13.94
21.2,13.1,9.99
21.1,11.9,10.79
19.0,9.9,13.5
18.6,7.5,15.25
20.7,6.5,15.35
16.4,8.3,5.25
16.2,10.4,5.89
20.5,9.7,14.88
19.9,9.4,15.66
21.5,9.4,15.81
22.4,9.6,15.76
22.7,10.3,15.76
23.3,11.0,16.16
25.1,10.4,15.57
23.4,13.1,16.09
22.6,10.2,16.41
25.8,10.0,16.32
25.5,12.9,16.21
25.9,13.3,16.74
21.9,10.6,17.31
21.0,9.8,17.5
23.5,11.0,17.08
25.7,12.8,17.35
26.2,11.5,17.35
26.7,13.3,17.44
26.4,12.5,17.56
27.9,14.8,17.56
30.7,15.3,17.71
29.1,15.1,18.27
28.4,13.5,17.24
27.4,14.0,18.8
27.9,13.0,17.81
28.4,13.4,18.75
29.5,14.4,18.4
29.8,15.6,17.67
29.3,14.3,17.75
29.7,15.7,18.19
30.0,15.2,18.87
30.6,16.8,18.61
29.8,17.5,17.85
29.6,16.3,19.3
28.7,15.9,20.04
28.7,15.8,19.86
28.2,14.8,17.79
27.5,15.9,18.01
29.2,15.5,20.27
30.0,16.2,20.39
31.9,17.1,20.56
32.1,17.5,18.4
31.6,17.2,20.34
32.3,17.2,20.43
31.9,19.0,17.41
28.5,19.5,16.98
26.8,16.7,18.4
25.2,15.2,17.54
23.7,16.1,13.84
23.1,14.6,17.0
26.3,14.0,21.28
28.0,15.5,21.44
27.5,17.3,15.26
26.3,17.4,20.04
27.6,16.5,21.07
26.8,15.5,22.39
28.2,15.2,21.43
30.8,16.7,18.99
30.8,17.5,18.76
24.2,17.0,17.09
25.7,15.1,20.31
28.3,15.9,21.72
31.3,16.4,21.84
28.0,17.2,22.28
30.2,16.3,23.74
31.3,16.7,22.63
31.3,17.4,24.47
31.8,17.1,24.58
33.1,18.0,24.27
33.3,19.7,23.62
35.9,19.4,24.16
36.4,23.1,21.84
37.2,22.2,24.26
37.3,21.8,24.02
39.1,22.0,24.27
39.2,22.7,23.31
39.1,24.4,22.91
39.1,25.5,22.54
37.3,25.1,21.2
34.7,23.3,22.23
35.2,22.4,23.36
35.1,20.8,23.07
33.9,20.9,20.37
31.9,20.0,21.06
33.2,20.6,23.39
35.6,22.1,21.33
35.8,23.6,17.91
33.5,22.4,17.24
33.3,21.8,17.99
30.4,21.2,15.17
27.8,19.8,14.17
28.0,19.3,15.8
28.2,19.9,17.34
29.7,18.7,22.14
30.8,20.6,19.52
35.4,20.7,21.74
36.1,22.0,21.61
36.6,21.9,22.01
37.1,21.4,24.51
36.5,21.9,24.83
38.9,22.1,24.62
41.7,23.1,24.02
41.5,25.1,23.11
40.5,26.5,20.66
40.5,25.2,22.96
38.6,26.8,19.43
40.9,26.0,22.03
38.0,23.9,22.68
37.9,25.9,23.68
40.0,24.8,23.85
