city,panel_W,cells,mcu_mA,pm,gas_uptime,mesh_uptime,min_soc,days_gas_off,load_Wh_day,harvest_Wh_day
Delhi,6,2,50,False,99.7,100.0,17,0,10.6,18.8
Delhi,6,2,50,True,99.3,99.9,8,1,12.0,18.8
Delhi,6,2,12,False,100.0,100.0,54,0,7.2,18.8
Delhi,6,2,12,True,100.0,100.0,28,0,8.7,18.8
Delhi,6,3,50,False,100.0,100.0,28,0,10.6,18.8
Delhi,6,3,50,True,99.9,100.0,17,0,12.0,18.8
Delhi,6,3,12,False,100.0,100.0,69,0,7.2,18.8
Delhi,6,3,12,True,100.0,100.0,52,0,8.7,18.8
Delhi,10,2,50,False,100.0,100.0,43,0,10.6,31.3
Delhi,10,2,50,True,100.0,100.0,23,0,12.0,31.3
Delhi,10,2,12,False,100.0,100.0,72,0,7.2,31.3
Delhi,10,2,12,True,100.0,100.0,60,0,8.7,31.3
Delhi,10,3,50,False,100.0,100.0,62,0,10.6,31.3
Delhi,10,3,50,True,100.0,100.0,49,0,12.0,31.3
Delhi,10,3,12,False,100.0,100.0,82,0,7.2,31.3
Delhi,10,3,12,True,100.0,100.0,74,0,8.7,31.3
Mumbai,6,2,50,False,99.1,100.0,12,1,10.6,17.4
Mumbai,6,2,50,True,97.4,99.8,7,2,11.9,17.4
Mumbai,6,2,12,False,100.0,100.0,38,0,7.2,17.4
Mumbai,6,2,12,True,99.8,100.0,20,0,8.7,17.4
Mumbai,6,3,50,False,99.8,100.0,21,0,10.6,17.4
Mumbai,6,3,50,True,99.1,100.0,13,1,12.0,17.4
Mumbai,6,3,12,False,100.0,100.0,58,0,7.2,17.4
Mumbai,6,3,12,True,100.0,100.0,41,0,8.7,17.4
Mumbai,10,2,50,False,99.9,100.0,24,0,10.6,29.0
Mumbai,10,2,50,True,99.6,100.0,13,0,12.0,29.0
Mumbai,10,2,12,False,100.0,100.0,65,0,7.2,29.0
Mumbai,10,2,12,True,100.0,100.0,53,0,8.7,29.0
Mumbai,10,3,50,False,100.0,100.0,48,0,10.6,29.0
Mumbai,10,3,50,True,100.0,100.0,31,0,12.0,29.0
Mumbai,10,3,12,False,100.0,100.0,77,0,7.2,29.0
Mumbai,10,3,12,True,100.0,100.0,69,0,8.7,29.0
