topology,radio,dead_nodes,airtime_ms,delivery_pct,worst_seed_pct,alarm_burst_pct,latency_median_s,latency_p95_s,max_node_duty_pct
landfill ring (12 nodes),SF7 / 125 kHz,0,121,100.0,100.0,100.0,0.12,0.13,0.13
landfill ring (12 nodes),SF7 / 125 kHz,2,121,100.0,100.0,100.0,0.12,0.12,0.12
landfill ring (12 nodes),SF9 / 125 kHz (LITE_FAST),0,402,99.7,98.7,95.9,0.4,1.02,0.4
landfill ring (12 nodes),SF9 / 125 kHz (LITE_FAST),2,402,99.7,98.5,96.7,0.4,0.71,0.38
landfill ring (12 nodes),SF10 / 125 kHz (LITE_SLOW),0,764,98.4,95.5,81.5,0.76,2.4,0.83
landfill ring (12 nodes),SF10 / 125 kHz (LITE_SLOW),2,764,99.2,97.7,89.2,0.76,1.99,0.79
landfill ring (12 nodes),SF11 / 125 kHz (LONG_MODERATE),0,1610,96.8,94.2,67.6,1.61,5.45,1.65
landfill ring (12 nodes),SF11 / 125 kHz (LONG_MODERATE),2,1610,98.3,96.9,80.0,1.61,5.63,1.74
landfill ring (12 nodes),"SF11 / 250 kHz (LONG_FAST, Meshtastic IN default)",0,682,98.7,96.8,84.6,0.68,2.02,0.83
landfill ring (12 nodes),"SF11 / 250 kHz (LONG_FAST, Meshtastic IN default)",2,682,99.2,97.0,91.7,0.68,1.65,0.7
city ward grid (25 nodes),SF7 / 125 kHz,0,121,99.8,98.5,97.4,0.12,0.26,0.21
city ward grid (25 nodes),SF7 / 125 kHz,2,121,99.6,98.6,94.8,0.12,0.28,0.16
city ward grid (25 nodes),SF9 / 125 kHz (LITE_FAST),0,402,96.0,95.1,52.2,0.4,1.27,0.51
city ward grid (25 nodes),SF9 / 125 kHz (LITE_FAST),2,402,96.4,95.7,56.3,0.4,1.23,0.49
city ward grid (25 nodes),SF10 / 125 kHz (LITE_SLOW),0,764,95.0,93.6,39.6,0.76,2.72,0.91
city ward grid (25 nodes),SF10 / 125 kHz (LITE_SLOW),2,764,95.3,94.6,44.0,0.76,2.72,0.91
city ward grid (25 nodes),SF11 / 125 kHz (LONG_MODERATE),0,1610,94.1,92.6,33.9,1.61,8.94,1.97
city ward grid (25 nodes),SF11 / 125 kHz (LONG_MODERATE),2,1610,94.2,92.6,35.4,1.61,7.7,1.92
city ward grid (25 nodes),"SF11 / 250 kHz (LONG_FAST, Meshtastic IN default)",0,682,95.2,93.9,43.1,0.68,2.36,0.81
city ward grid (25 nodes),"SF11 / 250 kHz (LONG_FAST, Meshtastic IN default)",2,682,95.4,94.6,46.2,0.68,2.35,0.8
